<?xml version='1.0' encoding='utf-8'?>
<!DOCTYPE hibernate-configuration PUBLIC
    "-//Hibernate/Hibernate Configuration DTD 3.0//EN"
    "http://www.hibernate.org/dtd/hibernate-configuration-3.0.dtd">
<hibernate-configuration>
    <session-factory>
        <!-- Database connection settings -->
        <property name="hibernate.connection.driver_class">com.mysql.jdbc.Driver</property>
        <property name="hibernate.connection.url">jdbc:mysql://localhost:3306/ecommerce</property>
        <property name="hibernate.connection.username">root</property>
        <property name="hibernate.connection.password">abc</property>
        
        <!-- Mapping annotated entity classes -->
        <mapping class="com.ecommerce.EProduct" />
        
        <!-- Optional: Configure caches -->
        <!-- You can include class-cache or collection-cache here if needed -->
        
        <!-- Optional: Configure events and listeners -->
        <!-- Include event or listener elements here if needed -->
    </session-factory>
</hibernate-configuration>